ts_ms,distance_mm_0,distance_mm_1,distance_mm_2,distance_mm_3,distance_mm_4,distance_mm_5,distance_mm_6,distance_mm_7,distance_mm_8,distance_mm_9,distance_mm_10,distance_mm_11,distance_mm_12,distance_mm_13,distance_mm_14,distance_mm_15
0,1345,506,1524,634,1442,560,644,648,1322,1234,630,646,1280,1325,1348,667
67,1345,506,1303,635,1480,560,627,648,1317,1234,1845,651,1281,1391,1424,648
134,1346,506,590,636,1370,560,1291,641,1325,1234,1754,654,1325,1374,1356,649
201,1353,862,1378,641,1341,568,667,636,1319,1234,1754,661,1297,1324,1325,665
268,1344,862,1378,653,1316,568,667,646,1305,1234,1474,673,1265,1377,1327,670
336,1272,862,575,657,1279,568,665,693,1249,511,695,705,1218,1369,1386,694
403,1205,862,575,698,1212,568,665,728,1188,511,695,736,1135,1386,1368,726
470,1173,862,575,723,1214,568,524,776,1176,511,695,788,1155,1352,1458,759
537,1125,862,575,753,1153,568,524,770,1153,511,695,792,1185,1374,1291,768
604,1131,862,575,752,1135,568,524,793,1127,511,695,809,1314,1484,1316,838
671,1126,862,575,782,1139,568,524,819,1102,2029,695,829,1132,1517,1294,815
738,1141,862,575,749,1113,568,766,784,1115,2029,3616,817,1066,1313,1357,824
805,1203,862,575,714,1183,568,766,772,1196,2029,878,770,1225,1349,1363,768
872,1206,862,730,693,1210,568,766,720,1220,507,589,708,1185,1392,1323,719
940,1267,862,1682,696,1252,568,913,693,1222,507,589,724,1203,1404,1326,738
1007,1246,862,1682,699,1273,568,913,686,1211,1179,589,723,1217,1464,1348,714
1074,1205,862,1682,695,1294,568,913,703,1254,1179,589,716,1210,1306,1287,704
1141,1224,862,1682,731,1201,568,913,750,1203,2855,1320,753,1205,1479,1331,754
1208,1154,862,1682,781,1128,0,851,784,1157,1107,807,795,1095,1500,1407,797
1275,1109,862,841,818,1117,0,851,870,1126,1107,807,889,1065,1417,1262,867
1342,1085,862,841,857,1075,0,851,923,1038,2346,807,985,1047,1379,1374,914
1409,1063,862,841,878,1061,0,851,911,1033,2346,807,980,1041,1339,1293,955
1477,1072,862,841,847,1114,0,851,901,1048,2346,807,905,1045,1387,1428,933
1543,1102,862,841,818,1116,0,610,886,1075,2346,807,896,1101,1322,1346,851
1611,1110,862,841,795,1171,0,610,829,1137,2346,807,846,1130,1447,1347,851
1678,1131,862,841,784,1197,0,610,826,1143,2346,807,837,1152,1307,1303,837
1745,1130,862,841,795,1134,0,610,830,1148,4705,807,863,1139,1300,1325,864
1812,1085,862,841,817,1140,0,610,852,1113,4705,807,841,1227,1233,1361,825
1879,1089,862,841,809,1116,0,610,848,1083,4705,807,851,1102,1384,1432,859
1946,1080,862,841,835,1119,0,610,864,1095,4705,924,888,1104,1311,1336,907
2014,1071,862,4490,858,1112,4609,4486,925,1089,4705,924,890,1069,1327,1288,910
2080,1051,862,903,873,1079,4609,4486,900,1056,4705,924,956,993,1485,1307,935
2148,1022,862,1022,896,1089,4473,4443,935,1032,4705,4512,937,1074,1370,1325,954
2215,1030,862,1022,886,1053,4473,4443,960,1025,4705,4512,969,1109,1283,1286,967
2282,1029,862,675,890,1052,1922,4410,964,1006,4705,956,963,1060,1370,1259,1004
2349,1051,862,675,894,1053,1922,0,958,1057,4705,0,967,1014,1347,1360,995
2417,1040,862,675,881,1061,1922,0,925,1031,1160,4309,981,1006,1329,1304,966
2483,1030,862,675,887,1069,1922,0,910,1032,1160,0,939,1134,1418,1322,943
2551,1051,862,884,876,1104,1922,4259,914,1066,1160,4262,940,1029,1332,1342,932
2617,1058,862,884,845,1083,0,0,875,1079,1160,4204,916,1108,1252,1307,931
2685,1092,862,884,826,1092,4231,0,891,1081,1160,4204,887,1065,1267,1352,912
2752,1084,862,884,857,1089,4231,4187,883,1063,1160,4174,902,1057,1288,1318,905
2819,1068,862,884,859,1081,4238,881,893,1076,4256,1016,912,998,1276,1288,911
2886,1057,862,884,847,1074,4162,881,924,1027,4133,4092,929,1026,1418,1272,1075
2954,1052,862,854,892,1051,4159,4077,939,1036,4133,4106,932,979,1385,1337,936
3021,1055,862,854,871,1057,4076,4003,930,1016,4034,4065,955,1006,1344,1301,945
3088,1026,862,4064,881,1048,4076,4022,943,1035,4034,3944,958,1018,1375,1337,1016
3155,1081,862,878,898,1056,4076,4022,962,1032,4034,3969,988,994,1332,1458,1034
3222,1014,862,4113,953,1035,4076,4005,994,1001,4070,3934,1027,1001,1435,1230,1053
3289,990,862,3865,952,1023,4076,3901,1058,987,3936,3868,1035,950,1459,1352,1087
3356,1008,862,3865,966,1023,4035,3898,1041,985,896,3826,1034,950,1385,1383,1064
3423,1019,862,3865,941,979,3888,3850,1010,965,3837,3793,1077,963,1435,1461,1104
3490,1014,862,3863,929,996,3851,3776,1004,983,3833,3745,1001,994,1458,1324,1032
3558,1021,862,3712,937,1023,3851,3816,985,1022,3807,3768,1022,980,1371,1349,1069
3625,1020,862,3895,953,1039,3845,3738,1008,974,3807,3700,1045,962,1332,1301,1083
3692,975,862,3895,926,971,1091,3681,1012,983,3708,3667,1060,1090,1404,1296,1099
3759,986,862,3737,981,988,3721,3570,1091,950,3705,3646,1048,994,1341,1329,1105
3826,954,862,3730,941,994,3688,3605,1042,951,3683,3582,1081,930,1393,1500,1091
3893,981,862,3713,1012,957,3588,3532,1095,946,3683,3540,1065,1066,1335,1327,1116
3960,1014,3604,3713,1012,992,3638,3531,1048,937,3614,3510,1055,934,1349,1303,1096
4027,996,3604,3713,992,960,3608,3506,1038,969,3590,3466,1086,996,1391,1343,1152
4095,969,3668,3554,965,993,3608,3492,1053,948,3514,3442,1085,967,1450,1281,1066
4161,991,3668,3554,948,983,3444,3404,1050,969,3467,3400,1075,935,1384,1295,1130
4229,1010,3565,3554,997,970,3454,3348,1037,964,3426,3343,1064,965,1376,1322,1095
4296,984,3482,3449,985,967,3354,3294,1055,970,3392,3293,1078,1000,1319,1316,1091
4363,987,3384,3380,969,952,3418,3262,1052,940,3348,3265,1077,958,1382,1271,1182
4430,989,3384,3280,1009,952,3244,3203,1092,926,3257,3204,1120,965,1325,1336,1138
4497,966,3384,3324,1019,953,3236,3178,1057,937,3206,3142,1110,909,1284,1242,1145
4564,950,3310,3254,999,955,3179,3108,1051,916,3189,3107,1101,910,1319,1291,1103
4631,924,3256,3091,984,930,3109,3091,1041,905,3106,3036,1114,922,1303,1283,1105
4698,920,3092,3123,1002,901,3067,3030,1109,903,3079,3024,1094,907,1275,1300,1099
4766,911,3143,3004,993,901,3020,2983,1085,879,2978,2959,1118,867,1475,1251,1138
4833,901,3073,3004,996,890,2974,2942,1076,886,3015,2907,1063,854,1329,1394,1130
4900,885,3051,2865,1002,857,2912,2891,1065,864,2937,2884,1139,854,1317,1333,1104
4967,881,2990,2889,1006,840,2882,2870,1053,857,2882,2801,1109,854,1373,1334,1125
5034,841,2909,2919,1002,2961,2865,2765,1061,813,2817,2789,1067,828,1298,1319,1117
5102,2984,2803,2812,984,2937,2776,2749,1052,3003,2775,2735,1095,794,1238,1307,1111
5168,2873,2785,2769,988,2858,2737,2673,1067,2833,2746,2736,1031,1324,1310,1348,1123
5236,2864,2751,2677,996,2809,2692,2652,1042,2811,2695,2679,1095,1260,1302,1379,1121
5302,2853,2769,2655,954,2702,2648,2604,1044,2751,2623,2593,1077,1320,1344,1283,1091
5370,2745,2662,2621,980,2632,2584,2542,1033,2718,2613,2548,1109,1402,1417,1281,1103
5437,2755,2612,2570,967,2636,2520,2519,1046,2679,2534,2523,1070,1335,1332,1262,1113
5504,2738,2557,2523,974,2561,2498,2451,1073,2614,2487,2475,1051,1376,1450,1319,1121
5571,2623,2543,2480,966,2563,2436,2422,1040,2548,2434,2408,1090,1278,1264,1287,1090
5638,2632,2489,2412,1032,2456,2372,2344,1070,2515,2399,2359,1084,1353,1309,1304,1135
5705,2468,2431,2367,1029,2418,2350,2308,1086,2459,2330,2304,1085,1316,1324,1293,1121
5773,2454,2356,2319,1032,2421,2303,2245,1093,2421,2277,2243,1095,2334,1378,1350,1105
5840,2372,2298,2285,1014,2345,2210,2194,1076,2335,2243,2203,1121,1391,1317,1344,1136
5907,2277,2260,2201,1027,2299,2188,2160,1070,2282,2190,2142,1108,1325,1365,1309,1150
5974,2315,2155,2151,1056,2216,2099,2093,1083,2241,2122,2106,1087,1284,1378,1278,1126
6041,2216,2132,2088,1012,2156,2046,2024,1058,2187,2063,2044,1069,1359,2055,2063,1160
6108,2145,2086,2068,1004,2092,2010,1991,1070,2116,2011,1997,1084,2091,1991,1995,1126
6176,2112,2011,1986,1007,2077,1991,1962,1078,2062,1979,1973,1108,2002,2006,1990,1147
6243,2069,1992,1969,1030,2022,1913,1918,1088,2022,1941,1920,1069,1996,1900,1957,1209
6310,2035,1966,1898,1007,1990,1868,1874,1080,1975,1869,1862,1116,1942,1857,1842,1127
6377,1981,1893,1871,1036,1902,1841,1812,1102,1948,1814,1825,1156,1901,1818,1804,1170
6444,1916,1852,1832,1055,1854,1771,1771,1112,1890,1789,1773,1134,1892,1801,1798,1168
6511,1889,1807,1784,1012,1832,1749,1711,1070,1854,1738,1734,1120,1825,1730,1696,1136
6578,1838,1756,1731,1019,1801,1692,1674,1088,1795,1699,1692,1670,1780,1670,1665,1152
6645,1792,1725,1699,1040,1732,1645,1636,1588,1766,1671,1646,1625,1729,1634,1634,1128
6712,1748,1656,1661,1025,1680,1612,1592,1551,1704,1615,1599,1576,1678,1628,1566,1131
6779,1693,1611,1616,1034,1632,1564,1544,1543,1657,1585,1571,1519,1637,1581,1568,1151
6847,1637,1602,1554,1505,1591,1515,1513,1458,1603,1528,1515,1499,1600,1526,1504,1503
6914,1618,1542,1525,1488,1552,1499,1471,1462,1564,1482,1483,1457,1557,1501,1471,1430
6981,1566,1500,1487,1427,1521,1436,1435,1417,1522,1453,1423,1371,1492,1459,1440,1405
7048,1518,1429,1430,1386,1488,1398,1375,1342,1471,1405,1391,1352,1470,1421,1395,1325
7115,1470,1407,1383,1358,1433,1356,1333,1294,1458,1347,1340,1323,1440,1362,1348,1316
7182,1454,1366,1344,1289,1408,1317,1288,1285,1400,1330,1307,1308,1405,1346,1317,1296
7249,1404,1324,1295,1265,1347,1275,1255,1247,1369,1283,1257,1271,1365,1306,1289,1268
7316,1368,1290,1240,1230,1314,1243,1219,1219,1327,1249,1223,1219,1334,1290,1243,1234
7383,1322,1239,1208,1200,1278,1205,1177,1184,1287,1214,1183,1185,1307,1244,1222,1201
7451,1287,1209,1180,1178,1256,1169,1144,1150,1264,1179,1147,1153,1277,1214,1178,1170
7518,1255,1171,1136,1137,1216,1139,1113,1112,1214,1147,1110,1116,1248,1179,1147,1139
7585,1221,1141,1105,1108,1182,1101,1066,1083,1186,1107,1066,1079,1206,1140,1113,1102
7652,1176,1099,1063,1063,1146,1069,1040,1037,1153,1069,1038,1039,1170,1104,1070,1058
7719,1146,1067,1032,1030,1102,1030,998,997,1107,1031,1007,997,1123,1067,1036,1021
7786,1097,1021,989,987,1048,992,969,957,1067,995,962,968,1098,1030,1002,983
7853,1058,987,951,951,1027,963,933,925,1033,962,941,928,1054,998,972,952
7921,1024,962,931,911,988,923,901,896,995,929,897,899,1018,964,930,921
7988,983,924,893,881,965,896,868,864,969,897,869,866,985,928,900,886
8055,953,887,864,849,933,867,838,830,934,863,840,835,949,898,867,852
8122,920,858,830,821,892,833,808,802,891,835,810,806,915,863,841,819
8189,888,822,802,793,865,798,773,769,864,802,785,773,875,830,810,792
8257,847,796,767,764,821,772,747,746,825,773,747,745,846,799,772,762
8324,807,758,737,730,788,735,712,714,790,741,720,719,808,764,750,739
8391,782,735,719,711,756,715,695,693,757,711,694,694,778,736,718,711
8458,753,699,690,685,729,683,665,667,727,688,671,674,748,710,695,688
8525,723,682,666,660,702,663,646,649,703,666,647,647,717,682,673,662
8592,696,666,646,643,681,637,627,627,681,643,633,630,697,661,650,644
8659,684,645,633,626,666,628,612,612,664,624,613,611,681,648,635,625
8727,666,631,611,609,646,611,596,595,648,613,595,598,660,631,620,611
8794,650,618,598,595,632,594,585,581,637,598,590,584,648,618,610,602
8861,640,607,591,584,627,589,576,575,628,596,578,578,644,610,596,590
8928,645,603,587,582,629,585,570,567,624,587,573,573,644,605,592,577
8995,657,610,583,576,639,587,566,561,635,597,568,567,658,608,589,581
9062,685,618,591,572,668,607,571,562,671,609,569,564,692,621,597,576
9129,727,645,594,571,707,624,582,558,710,629,585,560,736,645,603,573
9196,781,675,616,570,765,656,595,557,773,663,599,565,797,682,623,578
9263,914,720,635,578,866,701,621,565,881,712,626,569,908,743,650,585
9331,1031,790,675,595,924,770,665,583,1064,772,667,591,1098,818,690,609
9398,1173,915,732,623,1095,875,723,616,1140,898,738,620,1285,949,761,641
9465,1332,1143,807,664,1492,1013,810,662,1523,1135,817,671,1309,1137,853,693
9532,790,1273,945,728,741,1271,949,727,4054,1318,956,743,1258,1282,1010,769
9599,790,1588,1088,817,741,1609,1157,822,755,1719,1125,835,1355,1324,1210,875
9666,790,1588,1296,941,741,1609,1378,932,3777,924,1385,960,1334,1465,1401,1007
9733,2869,1588,1517,1052,741,1609,1663,1058,3777,924,1555,1079,1357,1324,1384,1118
9800,3532,1588,1674,1138,741,1609,1663,1120,3777,924,1667,1188,1530,1675,1281,1212
9867,3532,1588,1674,1203,741,1609,4053,1221,1841,924,1345,1251,1546,1347,1344,1239
9934,1819,1588,1674,1223,2011,1609,4053,1251,1797,924,1345,1275,1428,1351,1327,1262
10002,1762,1588,1674,1202,1912,1609,4053,1285,1760,924,1345,1278,1417,1343,1367,1262
10068,1873,1588,1674,1240,1652,1609,4136,1288,1722,924,1345,1304,1441,1411,1301,1287
10136,1742,1588,1674,1286,1569,1609,4136,1253,1710,924,3999,1275,1434,1337,1262,1311
10203,1629,1588,1674,1240,1632,1609,4059,1292,1515,924,3999,1293,1440,1296,1362,1316
10270,1643,1588,1674,1256,1610,1609,4059,1284,1492,924,3999,1329,1421,1360,1349,1307
10337,1643,1588,1674,1263,1498,4472,4059,1303,1539,924,3999,1323,1399,1340,1327,1317
10404,1530,1588,1674,1274,1511,4472,4059,1289,1478,924,3999,1323,1367,1362,1323,1335
10472,1495,1588,1674,1254,1462,4291,4114,1328,1400,924,3999,1364,1360,1377,1291,1309
10538,1461,1588,1674,1257,1491,4291,1181,1356,1428,924,4076,1405,1334,1416,1345,1347
10606,1453,1588,3907,1292,1409,4291,1181,1432,1393,924,4076,1392,1336,1351,1285,1365
10673,1390,1588,3941,1349,1371,4291,1181,1411,1352,924,4076,1408,1338,1353,1268,1372
10740,1353,1588,4092,1324,1414,3406,1181,1404,1300,924,4076,1475,1302,1364,1352,1291
10807,1307,3621,3721,1361,1393,3406,1181,1382,1365,924,4047,1391,1312,1354,1326,1328
10874,1368,3621,3721,1363,1342,4016,3995,1360,1314,924,4047,1408,1268,1386,1303,1446
10942,1364,3621,3967,1316,1375,4016,3953,1336,1286,924,3992,1370,1264,1392,1327,1299
11008,1371,3621,3762,1319,1321,4016,3953,2332,1295,924,3992,1728,1267,1407,1336,1248
11076,1318,3621,0,1313,1331,4089,3953,2377,1313,924,4043,1721,1239,1395,1309,1227
11143,1327,3621,0,1313,1322,4089,3829,3209,1304,924,3922,1644,1273,1375,1279,1201
11209,1270,3621,3837,2142,1289,3466,3798,3209,1215,924,3918,1655,1275,1369,1359,1291
11277,1339,3621,3837,2004,1304,3421,3745,2341,1243,924,3806,1655,1189,1368,1271,1209
11344,1293,3652,3482,1942,1340,3340,3651,2176,1268,924,3806,1655,1230,1411,1324,1230
11411,1361,3652,3480,2012,1329,3340,3566,2890,1323,3286,3562,1655,1262,1321,1319,1265
11478,1333,3632,3647,2017,1391,3409,3566,2214,1324,3286,3693,1435,1262,1332,1317,1216
11545,1316,3426,3597,2017,1355,3453,3566,2238,1318,3101,3568,1435,1264,1355,1275,1289
11612,1321,3426,3768,1957,1414,3453,3699,2139,1357,3101,3495,1435,1289,1351,1302,1265
11680,1372,3426,3494,1975,1410,3229,3572,2888,1326,3101,3495,1435,1276,1359,1291,1242
11747,1333,3428,3365,1975,1374,2933,3618,2920,1348,2910,3495,1435,1307,1358,1356,1228
11814,1314,3428,3437,2650,1405,2964,3524,2848,1291,2994,3467,2110,1278,1417,1322,1231
11881,1331,3428,3287,1930,1393,3100,3273,2733,1390,3119,3426,2317,1297,1341,1277,1232
11949,1395,3341,3487,2020,1362,3095,3452,2706,1500,3034,3605,2317,1321,1353,1353,1220
12015,1398,3504,3394,1978,1446,2889,3294,2732,1474,2770,3260,2317,1321,1302,1313,1244
12083,1383,3195,3364,2019,1469,3037,3298,2642,1437,2680,3216,2771,1321,1554,1276,1244
12150,1497,3195,3173,2036,1463,2733,3208,2617,1461,2806,3063,2104,1443,1425,1311,1368
12217,1507,3195,3307,2615,1551,2733,3174,1990,1458,2779,3217,2633,1371,1391,1314,1308
12284,1457,2995,3377,2550,1479,3171,3187,2442,1453,2819,3128,2545,1372,1389,1302,1265
12351,1497,2871,2979,1952,1513,3171,3300,2125,1407,2739,3054,2537,1339,1350,1282,1245
12419,1430,2723,2982,1857,1477,2716,2995,2556,1445,2736,3050,2543,1338,1341,1294,1199
12486,1401,2775,2982,2451,1538,2704,2962,2447,1438,2684,2903,2238,1350,1339,1315,1398
12553,1518,2775,2897,2444,1475,2781,2996,2447,1426,2552,2880,2296,1369,1388,1310,1258
12620,1471,2775,2848,2391,1438,2781,2964,2376,1415,2608,2924,2386,1348,1270,1305,1297
12687,1506,2673,2897,2342,1438,2626,2894,2260,1422,2449,2843,2355,1319,1350,1316,1220
12889,1368,2653,2710,2254,1412,2528,2721,2226,1367,2556,2710,2303,1326,1346,1318,1229
12956,1461,2583,2829,2144,1502,2508,2773,2111,1421,2438,2802,2204,1342,1399,1298,1205
13023,1525,2498,2669,2238,1951,2476,2810,2122,1430,2357,2675,2158,1357,1328,1298,1248
13090,2030,2539,2613,2076,1932,2340,2549,2117,1455,2342,2629,2145,1352,1334,1245,1234
13157,2042,2539,2572,2097,1919,2355,2598,2045,1921,2336,2576,2064,1375,1392,1330,1212
13224,1986,2423,2531,2157,1667,2301,2469,2034,1928,2296,2578,2040,1364,1366,1282,1229
13291,1969,2513,2484,2046,1912,2476,2472,1988,1876,2295,2588,2016,1390,1315,1311,1273
13359,1902,2467,2605,1972,1932,2610,2538,1957,1837,2337,2493,1985,1402,1360,1314,1196
13426,1978,2337,2366,2006,1779,2345,2363,1915,1758,2291,2412,1956,1474,1356,1315,1208
13493,1685,2305,2366,1927,1748,2283,2411,1867,1729,2192,2358,1940,1687,1314,1314,1228
13560,1873,2343,2325,1844,1724,2180,2329,1873,1706,2164,2309,1883,1645,1393,1276,1229
13627,1720,2272,2283,1846,1716,2168,2254,1846,1649,2123,2272,1884,1447,1359,1265,1282
13694,1744,2239,2230,1803,1652,2120,2189,1825,1666,2068,2249,1866,1528,1400,1331,1218
13761,1750,2114,2220,1816,1631,2125,2205,1808,1584,2009,2246,1839,1515,1378,1261,1734
13829,1661,2031,2182,1819,1586,1961,2213,1783,1564,2033,2234,1810,1474,1398,1315,1727
13896,1651,2214,2136,1769,1530,1983,2100,1759,1552,1968,2196,1787,1480,1374,1405,1799
13963,1607,2046,2141,1742,1595,1941,2113,1733,1522,1943,2103,1756,1491,1882,2127,1755
14030,1588,2030,2053,1695,1519,1910,2045,1702,1500,1923,2022,1744,1461,1798,1330,1710
14097,1560,1947,2094,1678,1519,1871,2013,1661,1459,1867,2030,1701,1457,1786,1285,1657
14164,1533,1914,1993,1659,1496,1861,1946,1641,1465,1866,2004,1667,1431,1445,1288,1645
14231,1514,1948,1962,1629,1462,1800,1943,1625,1429,1720,1987,1629,1409,1735,1942,1615
14298,1470,1838,1922,1611,1432,1775,1925,1587,1402,1774,1921,1600,1381,1728,1943,1602
14366,1451,1779,1884,1582,1405,1753,1859,1560,1387,1766,1867,1573,1364,1591,1809,1582
14432,1441,1773,1830,1546,1394,1705,1813,1518,1369,1711,1853,1545,1353,1553,1816,1525
14500,1427,1810,1833,1501,1360,1700,1776,1482,1347,1666,1798,1508,1341,1535,1785,1434
14566,1407,1729,1770,1466,1359,1655,1755,1445,1345,1641,1776,1462,1341,1528,1736,1449
14634,1385,1725,1737,1422,1348,1630,1692,1415,1321,1657,1717,1422,1316,1534,1698,1424
14701,1368,1687,1652,1387,1322,1612,1651,1384,1304,1614,1649,1391,1309,1526,1650,1405
14768,1331,1638,1636,1371,1284,1581,1619,1352,1264,1561,1631,1358,1275,1534,1633,1370
14835,1296,1593,1608,1341,1240,1527,1576,1321,1238,1512,1604,1341,1231,1452,1567,1333
14902,1258,1429,1575,1319,1213,1453,1560,1309,1192,1446,1562,1326,1203,1363,1528,1317
14969,1225,1481,1569,1309,1188,1446,1536,1282,1166,1419,1511,1289,1177,1402,1499,1311
15036,1190,1469,1520,1270,1157,1403,1494,1266,1133,1420,1472,1282,1151,1360,1466,1271
15104,1163,1426,1477,1237,1126,1331,1468,1231,1115,1305,1468,1250,1128,1327,1442,1258
15171,1138,1395,1429,1215,1113,1326,1396,1197,1093,1324,1423,1205,1105,1330,1412,1223
15238,1129,1366,1414,1181,1078,1328,1373,1166,1064,1306,1392,1182,1081,1319,1394,1211
15305,1095,1326,1370,1158,1065,1300,1347,1137,1038,1298,1364,1150,1061,1291,1369,1197
15372,1078,1315,1318,1130,1044,1275,1313,1119,1027,1255,1320,1132,1034,1256,1321,1163
15439,1046,1279,1287,1114,1022,1227,1285,1098,1000,1201,1283,1101,1017,1225,1317,1127
15506,1021,1242,1271,1078,988,1208,1260,1070,974,1191,1260,1079,993,1197,1287,1102
15573,994,1178,1252,1067,969,1153,1222,1044,953,1165,1232,1063,967,1182,1250,1092
15640,983,1174,1218,1058,943,1140,1181,1027,925,1133,1185,1040,940,1135,1218,1079
15708,947,1143,1187,1016,906,1107,1149,1007,906,1120,1161,1022,913,1121,1181,1060
15775,923,1110,1150,997,892,1080,1127,1000,874,1068,1132,1006,893,1085,1161,1031
15842,898,1081,1120,973,876,1059,1108,965,859,1060,1097,987,869,1069,1133,1007
15909,879,1056,1099,955,850,1033,1065,942,837,1012,1081,959,854,1035,1092,987
15976,857,1033,1070,937,832,1005,1031,924,817,996,1022,928,825,1004,1068,962
16043,840,1020,1036,903,810,977,1010,897,795,970,1010,916,807,992,1040,943
16111,823,980,999,883,793,942,981,887,776,943,977,888,786,957,1006,914
16178,794,951,974,859,768,928,959,851,759,916,954,865,770,933,978,884
16245,789,920,951,838,755,894,925,826,740,899,932,842,747,914,950,863
16312,756,896,921,816,746,872,888,808,722,880,902,824,728,882,921,842
16379,744,861,888,793,726,850,869,793,705,836,871,788,717,861,895,820
16446,719,849,865,778,700,825,843,776,686,818,846,785,694,834,866,805
16514,707,820,837,760,683,805,825,752,670,798,826,767,676,808,846,779
16581,690,801,819,739,673,781,809,743,660,772,797,742,661,785,817,759
16648,680,776,791,717,663,764,776,720,641,756,781,720,653,773,797,743
16715,669,758,768,696,642,739,751,688,636,735,756,702,637,745,765,718
16782,656,752,737,673,648,725,727,674,622,718,735,687,634,728,747,699
16849,639,732,721,653,633,704,705,655,619,705,713,663,618,708,723,677
16916,625,714,698,641,614,691,686,636,613,683,689,639,608,692,710,659
16983,616,695,677,628,601,671,664,624,594,663,666,627,591,674,683,643
17051,597,668,660,613,588,647,654,612,579,647,651,613,583,655,669,630
17117,582,650,642,599,574,630,636,594,563,626,633,602,567,638,647,614
17185,571,626,631,587,558,615,620,584,550,605,620,584,553,618,633,600
17252,555,612,608,570,551,598,602,568,538,594,600,572,546,605,614,588
17319,546,598,592,561,539,585,588,557,532,582,586,560,533,587,605,576
17386,536,586,578,548,527,569,575,543,519,563,574,551,522,577,585,562
17453,528,573,565,541,513,556,562,538,511,554,560,538,514,561,573,550
17520,511,556,551,527,504,542,546,525,499,537,550,525,505,548,563,539
17588,504,542,541,521,498,527,542,520,489,524,541,516,491,536,548,526
17655,490,528,528,510,485,512,528,503,479,515,528,504,484,523,542,517
17722,485,519,521,505,477,505,524,497,471,500,523,495,473,511,534,506
17789,474,508,508,495,471,491,509,486,464,486,512,487,466,500,521,495
17856,472,500,504,488,464,485,507,478,459,482,504,479,464,494,513,488
17923,471,495,498,487,461,481,497,472,455,477,498,475,461,491,507,482
17991,468,491,494,479,459,476,489,472,451,475,498,470,456,484,505,480
18057,468,489,493,478,457,475,495,466,450,473,490,469,452,482,500,474
18125,464,486,489,475,454,470,492,465,445,471,493,468,450,484,504,475
18192,465,492,490,480,457,476,495,469,452,473,498,467,453,479,503,474
18259,466,491,492,475,456,474,496,470,452,473,496,469,454,483,506,476
18326,467,489,493,478,457,476,493,468,452,474,494,469,454,479,505,477
18393,466,489,492,475,459,476,494,470,445,470,496,472,455,485,504,475
18461,465,493,496,480,459,475,494,467,450,474,494,469,455,480,504,477
18527,467,491,494,479,457,475,496,468,449,466,492,468,451,482,505,475
18595,468,490,493,477,453,475,493,466,449,472,493,471,453,480,503,473
18662,466,489,495,479,458,474,498,467,452,474,497,468,452,486,502,473
18729,467,489,493,479,454,474,494,469,450,471,493,468,452,483,502,476
18796,467,490,492,478,455,477,496,468,447,471,497,469,452,480,504,474
18863,467,490,491,477,457,473,490,464,443,470,498,469,451,481,504,476
18931,468,489,494,478,458,472,494,470,447,470,496,470,453,483,507,477
18997,466,489,496,478,455,477,496,470,450,473,496,466,454,480,504,476
19065,466,489,494,478,456,475,499,470,451,472,495,471,451,482,504,475
19132,465,491,493,479,454,472,495,468,449,469,493,469,453,482,504,475
19199,465,492,495,478,457,473,495,467,447,471,498,470,456,479,504,475
19266,466,491,494,478,458,478,493,467,445,471,491,469,450,483,503,475
19333,467,494,493,476,460,477,494,470,448,469,500,470,452,484,505,472
19400,467,491,493,478,456,471,496,468,450,470,498,467,451,481,503,475
19467,468,491,495,478,457,477,498,471,448,474,497,468,450,481,505,474
19534,467,489,493,477,456,472,496,471,449,472,495,471,452,481,504,473
19602,465,492,499,479,456,473,494,466,449,473,495,469,453,480,503,476
19669,467,492,495,479,457,477,499,464,450,475,495,467,450,483,507,473
19736,467,488,495,481,455,478,495,473,452,471,498,469,453,487,507,475
19803,467,490,497,483,457,477,500,468,452,477,497,474,453,486,509,480
19870,470,496,504,486,458,480,507,478,453,480,507,478,452,491,515,482
19937,472,501,508,488,463,487,508,480,459,482,512,482,460,496,523,488
20004,472,506,517,496,464,493,519,485,460,492,520,490,461,501,525,492
20071,475,514,518,502,472,500,525,489,463,493,522,493,466,506,533,499
20139,482,515,527,505,470,505,526,498,467,498,528,496,473,511,536,505
20206,487,528,530,512,477,511,535,503,470,509,536,502,475,520,541,509
